,Tweet,Treatment
0,2 yrs ago during RD1 Taxol #chemo I got an e-mail f/some of the ladies I worked with. One whom went thru #breastcancer in 2015 wrote this to me. It’s humbling to hear what they think of me & how strong they say I am. I hope to make an impact on ppl. I’ve awesome friends. #blessedpic.twitter.com/d04GI7oKng,taxol
1,b'@miles_commodore i had 3 independent tumors in my breast and post chemo mastectomy. pathology came back as \xe2\x80\x9cpathological complete response\xe2\x80\x9d meaning no living cancer cells. asked my surgeon was it the chemo? her answer: \xe2\x80\x9cno that was the herceptin\xe2\x80\x9d',chemotherapy
2,b'@miles_commodore i had 3 independent tumors in my breast and post chemo mastectomy. pathology came back as \xe2\x80\x9cpathological complete response\xe2\x80\x9d meaning no living cancer cells. asked my surgeon was it the chemo? her answer: \xe2\x80\x9cno that was the herceptin\xe2\x80\x9d',chemotherapy
3,b'@miles_commodore i had 3 independent tumors in my breast and post chemo mastectomy. pathology came back as \xe2\x80\x9cpathological complete response\xe2\x80\x9d meaning no living cancer cells. asked my surgeon was it the chemo? her answer: \xe2\x80\x9cno that was the herceptin\xe2\x80\x9d',herceptin
4,"b'i went to the swimming pool this morning and did aqua aerobics. first time in a long time and it felt good. 9th post chemo iv infusion in the afternoon, only 3 more to go. a couple of days of rest on the sofa with my knitting for me i think. #breastcancer #herceptin #fatigue'",chemotherapy
5,"b'@abcdiagnosis @angemknox @uk_oncologist @nhsuk @metupukorg @gm_cancer @gmcancerui @sbcsg_fb @2ndary1st @secondhopeorg @make2ndscount @abcglobalall @breastcancernow @thechristienhs i am doing good. ibrance, letrozol. last two pet scans nead. both legs, both hips, sternum, skull, scapula and ribs. small pleural effusion.  nodes in mediastinum. pain but ok. still working but from home. just hoping to stay nead for as long as possible. any advice accepted.'",ibrance
6,"b'@abcdiagnosis @angemknox @uk_oncologist @nhsuk @metupukorg @gm_cancer @gmcancerui @sbcsg_fb @2ndary1st @secondhopeorg @make2ndscount @abcglobalall @breastcancernow @thechristienhs i am doing good. ibrance, letrozol. last two pet scans nead. both legs, both hips, sternum, skull, scapula and ribs. small pleural effusion.  nodes in mediastinum. pain but ok. still working but from home. just hoping to stay nead for as long as possible. any advice accepted.'",letrazol
7,"b'@abcdiagnosis @angemknox @uk_oncologist @nhsuk @metupukorg @gm_cancer @gmcancerui @sbcsg_fb @2ndary1st @secondhopeorg @make2ndscount @abcglobalall @breastcancernow @thechristienhs i am doing good. ibrance, letrozol. last two pet scans nead. both legs, both hips, sternum, skull, scapula and ribs. small pleural effusion.  nodes in mediastinum. pain but ok. still working but from home. just hoping to stay nead for as long as possible. any advice accepted.'",letrozole
8,b'keytruda chemo for early stage triple negative #breastcancer for those who can get on a clinical ical trial. i've heard of a couple women on ig who tried it. this drug wasn't offered to me for my #tnbc - tnbc is more aggressive than hormone based breast cancer.',keytruda
9,b'keytruda chemo for early stage triple negative #breastcancer for those who can get on a clinical ical trial. i've heard of a couple women on ig who tried it. this drug wasn't offered to me for my #tnbc - tnbc is more aggressive than hormone based breast cancer.',chemotherapy
10,had to get my US passport while undergoing chemo and they photoshopped hair on my new passport pic hahaha #breastcancer #chemohair and #chemolife pic.twitter.com/79AJn35zAx,chemotherapy
11,My #breastcancer wasn't caused by #solarpanels. Maybe we should ban  bbqs - they have carcinogenic properties. ,preoperative
12,"Yesterday, 2 weeks after the 1st chemo treatment, I started losing my hair. A few strands turned into handfuls, and the next thing you know I’m rocking a scarf. Stephen said I’ve never looked more beautiful, & I’m thinking how did I get so lucky. #chemo #breastcancer #ginnystrongpic.twitter.com/gs5mxMlBGh",chemotherapy
13,"This is my rest face. No chemo this weekrest as I have neutropenia. With a 1 and 4 year old saying mommy, mommy, mommy, rest is hard. The I realize I don’t even know how to rest. I am learning. Any tips? #restfortheweary #WarriorStrong #breastcancer #meditation #mindfulnesspic.twitter.com/jaHB1nbsTO",chemotherapy
14,Hospital day tomorrow after a very unwell weekend. This trial is meant to be easier going than chemo but appears to be kicking my ass. I'm already dreading having to get out of bed in 10 hours #SicknessSucks #breastcancer #secondarybreastcancer #clinicaltrials #fatigue #IFHC,chemotherapy
15,#breastcancer great news today. My cancer is not in my bones or anywhere other than the lymphnode and one breast! I can move forward to the oncologist Thursday and get 6mo of chemo start date so hopefully it retreats enough I can keep some nodes and enough skin for new boobs!,chemotherapy
16,I have just done my last filgrastim injection. I say with hand on heart that I hope it's the last time I have to take it ever. I know it's not a given but there is always hope. Onwards and upwards. #breastcancer #chemo,chemotherapy
17,My friends came to my last chemo with pink balloons some years ago. Ever since than we keep the tradition-in a hope to end #breastcancer one day . Congrats to Ayala for last chemo today. In the healing journey chemo is the one who we remember forever. pic.twitter.com/l16d58Bkv0,chemotherapy
18,My friends came to my last chemo with pink balloons some years ago. Ever since than we keep the tradition-in a hope to end #breastcancer one day . Congrats to Ayala for last chemo today. In the healing journey chemo is the one who we remember forever. pic.twitter.com/l16d58Bkv0,chemotherapy
19,My friends came to my last chemo with pink balloons some years ago. Ever since than we keep the tradition-in a hope to end #breastcancer one day . Congrats to Ayala for last chemo today. In the healing journey chemo is the one who we remember forever. pic.twitter.com/l16d58Bkv0,chemotherapy
20,My oncologist just switched my meds to Letrizole (I believe it is spelled this way?) so I’m feeling good about that!! This is the one most of my friends are on who have gone through #breastcancer ,letrazol
21,My oncologist just switched my meds to Letrizole (I believe it is spelled this way?) so I’m feeling good about that!! This is the one most of my friends are on who have gone through #breastcancer ,letrozole
22,"So exciting.  Working in #lupus #nephritis but having recently benefited from precision medicine to allow me to decide I didn’t need chemo for #breastcancer, I want to be able to offer similar prognostic information for my #kidney #patients.  Thanks for highlighting @FionaCLoud",chemotherapy
23,How excited am I about this delivery today? ⁦@DrPaulNassif⁩ #skincare #as/if regimen. I’m ready to get my hair and skin back on track after 10 months of dealing with #breastcancer I’ve neglected both during chemo. I’m ready for a fresh start!! #botched ⁦@BotchedTV⁩pic.twitter.com/8TRpMLF2zv,chemotherapy
24,"Getting pedicures with my best friend, my mama, as a celebration for the great news I received from my last MRI! They could not find a mass, which means that every painful minute of that brutal chemo was worth it. I’m ready for chemo round 2! #chemo #breastcancer #mom #tnbcpic.twitter.com/viGoGSbBfw",chemotherapy
25,"Getting pedicures with my best friend, my mama, as a celebration for the great news I received from my last MRI! They could not find a mass, which means that every painful minute of that brutal chemo was worth it. I’m ready for chemo round 2! #chemo #breastcancer #mom #tnbcpic.twitter.com/viGoGSbBfw",chemotherapy
26,Recently I got very sick at Cracker Barrel after going through chemo and radiation treatments. I had a wonderful young lady as my waitress who prepared our meal to go and left a message for me on a napkin. #crackerbarrel #breastcancerawareness #breastcancer pic.twitter.com/X5N6iz52tL,chemotherapy
27,"One year ago today I had my first round of chemo. 6 rounds later, lumpectomy,  20 rounds of radiation,  17 rounds of Herceptin  I am done and cancer free. #breastcancer #Survivor #cancersurvivor #CancerFree #FIGHTER #strongwomen #strongwoman",chemotherapy
28,"One year ago today I had my first round of chemo. 6 rounds later, lumpectomy,  20 rounds of radiation,  17 rounds of Herceptin  I am done and cancer free. #breastcancer #Survivor #cancersurvivor #CancerFree #FIGHTER #strongwomen #strongwoman",herceptin
29,Hello ! Smiling coz my hair is growing back fast after chemo ! #kickcancersarse #breastcancer #cancersuckspic.twitter.com/1cImxmL1aZ,chemotherapy
30,"This is so heartwarming, and resonates with me in particular as I continue my chemotherapy I have started to lose my hair....it’s very frightening, I feel very vulnerable, but the love of friends keep me strong #lifechallenges #breastcancer #friendshippic.twitter.com/y9nKuxNcOk",chemotherapy
31,@BBCWomansHour May the new class drug reducing hot flushes in menopausal women help me and millions of other women on hormone blockers as part of breast cancer treatment? That would be great as HRT is not an option. I am on Tamoxifen and flushes are as bad in the past 5 years.,tamoxifen
32,Could this help me and millions of other women on hormone blockers as part of breast cancer treatment? HRT is not an option for us I am on Tamoxifen now and the flushes have not improved over the past 5 years.,tamoxifen
33,Could this help me and millions of other women on hormone blockers as part of breast cancer treatment? HRT is not an option and Tamoxifen /AIs bring on hot flushes. They have not improved since I am on the drugs now for 5 years and 5 more to come.,tamoxifen
34,Excellent cause! I hope you are doing well. I had breast cancer too. I'm into my 3rd year of Tamoxifen.,tamoxifen
35,"""I'm going to go take my ACA-insurance covered Tamoxifen now, which helps my breast cancer from re-occurring. """,tamoxifen
36,"""anxious to read up on this!  As a breast cancer survivor and being on Tamoxifen, belly fat is a problem. This will be great starting point for me. Thanks!""",tamoxifen
37,"""Hi Melanie, we don't know each other. I had breast cancer diag. 11/1999, had 2 surgeries, and a mastectomy on 2/5/2000, tamoxifen for 5 yrs, and gratefully have been cancer free since. Caught early is a good thing. Prayers for your mom, you and the rest of your family .""",tamoxifen
38,"""I had breast cancer in left breast last year. Was put on tamoxifen. Now have b/c in right breast a grade higher. Tamoxifen does not work. In fact if anything, made mine worse!""",tamoxifen
39,"""I had breast cancer in left breast last year. Was put on tamoxifen. Now have b/c in right breast a grade higher. Tamoxifen does not work. In fact if anything, made mine worse!""",tamoxifen
40,"""21 years of annual post breast cancer screening. About $400 each time. Not to mention chemo , 10 years of tamoxifen and letrizole and radiotherapy. Treated myself a reconstruction ( my treat) but lots of $ over the years. Thanks @billshortenmp""",chemotherapy
41,"""21 years of annual post breast cancer screening. About $400 each time. Not to mention chemo , 10 years of tamoxifen and letrizole and radiotherapy. Treated myself a reconstruction ( my treat) but lots of $ over the years. Thanks @billshortenmp""",tamoxifen
42,"""21 years of annual post breast cancer screening. About $400 each time. Not to mention chemo , 10 years of tamoxifen and letrizole and radiotherapy. Treated myself a reconstruction ( my treat) but lots of $ over the years. Thanks @billshortenmp""",letrazol
43,"""21 years of annual post breast cancer screening. About $400 each time. Not to mention chemo , 10 years of tamoxifen and letrizole and radiotherapy. Treated myself a reconstruction ( my treat) but lots of $ over the years. Thanks @billshortenmp""",letrozole
44,"""21 years of annual post breast cancer screening. About $400 each time. Not to mention chemo , 10 years of tamoxifen and letrizole and radiotherapy. Treated myself a reconstruction ( my treat) but lots of $ over the years. Thanks @billshortenmp""",chemotherapy
45,"""I'm on Tamoxifen too Eva, following successful treatment for aggressive breast cancer during pregnancy. I was told I could use the copper coil as contraception if desired. Like many other women I had to have my ovaries removed to shut down the oestrogen/progesterone in the body.""",tamoxifen
46,"""100% of my uterine woes were result of tamoxifen, hormone therapy for preventing breast cancer again. Rough luck but here I am. """,tamoxifen
47,"""(2/2) No doctor has pronounced me cancer-free, and I am still undergoing treatment (tamoxifen and zoladex) and will be undergoing treatment for 5-10 more years. 25% of breast cancer patients experience a return of the disease and doctors do not pronounce us """"cured"""" at any stage.""",tamoxifen
48,"""(2/2) No doctor has pronounced me cancer-free, and I am still undergoing treatment (tamoxifen and zoladex) and will be undergoing treatment for 5-10 more years. 25% of breast cancer patients experience a return of the disease and doctors do not pronounce us """"cured"""" at any stage.""",zoladex
49,"""I had breast cancer.  Tumor removed, clear margins.  Dr prescribed radiation, chemo, tamoxifen.  I declined. DR threatened me that there is no guarantee the cancer would get to ALL my vital organs to scare me into taking that poisonous route.  10 years out - no return.""",chemotherapy
50,"""I had breast cancer.  Tumor removed, clear margins.  Dr prescribed radiation, chemo, tamoxifen.  I declined. DR threatened me that there is no guarantee the cancer would get to ALL my vital organs to scare me into taking that poisonous route.  10 years out - no return.""",tamoxifen
51,"""My chemo BFF, who had an insanely horrible experience with side effects while taking an AI, is on Tamoxifen now (like me) & feels like herself again. So relieved for her. That balance of quality of life + recurrence prevention can be so agonizing.. #breastcancer #survivorship""",chemotherapy
52,"""But what if supplies of my breast cancer treatment (tamoxifen) run out or become in short supply? Or my bipolar medication becomes to expensive to import? Or I can’t get treatment for my thyroid nodules/tumours? Or, god, I get bounced out of CMHT?""",tamoxifen
53,"""Cant shake this persistant #lowmood and feeling #depressed  Another appointment at the GPs is required. Its all a case of original #breastcancer diagnosis and treatment (inclu Tamoxifen), loss of my dogs and the crap work situation (albeit only 3wks left). Resolution needed """,tamoxifen
54,"""I experienced breast cancer and menopause t the same time. I refused tamoxifen (to my oncologist's anger) then discovered that my estrogen had stopped itself anyways. So, flatline for 10 years. I hate it.""",tamoxifen
55,Do other #breastcancer women on Tamoxifen find they are losing lots of hair. Seems to be coming out in handfuls. #bccww,tamoxifen
56,"""Going to Florida with my daughter as part of a year of gigs, weekends away, nights out celebrating my 50th year on earth! (Also been signed off from the oncologist in Sept after 10 years on Tamoxifen - diagnosed with breast cancer 2 weeks before my 40th)  so double whammy """,tamoxifen
57,"""Thank you for suggestion Helen, my #breastcancer was hormone negative so I’m not on anything like tamoxifen or AIs. Hope you’re okay """,tamoxifen
58,Anyone else refusing tamoxifen?  I'm taking my chances. #tamoxifen #breastcancer #cancer #fuckcancer #BreastCancerAwarenessMonth #BreastCancerAwareness #CancerAwarenessMonth #oncology #breast_cancer,tamoxifen
59,"""When I was told the lump I'd found in my breast was cancerous, aged just 35, I naively assumed it would be removed and I'd take Tamoxifen for a while. I had studied oncology, I was fully aware of the science of cancer, but the relentless #pinkwashing of breast cancer misled me...""",tamoxifen
60,"""Pro, but I’m a 10 yr breast cancer survivor thrown into early menopause by the Tamoxifen I took post diagnosis, which led to osteopenia (pre-osteoporosis). Vitamin D helps uptake of calcium supplements I have to take.  And I don’t get enough sun exposure this time of year.""",tamoxifen
61,"""I was a healthy-eating marathon-runner, no genetic variants (that we know of), breastfed my two kids forevever, got regular screenings, and was taking preventative tamoxifen. Still got breast cancer (which the mammograms missed, btw). #noblame""",tamoxifen
62,Does anyone else get leg cramps from using tamoxifen? I am worried because I heard it can cause blood clots.#breastcancersurvivor #breastcancer #tamoxifen #legcramps #athleteaftercancer,tamoxifen
63,"""Today I got great news that there is a low chance of recurrence of my #breastcancer and that I will need radiation & 5 years of being on Tamoxifen. No chemo! This was all due to EARLY DETECTION. Whatever routine test you are due for, go get it! Don't put it off! #cancersucks""",tamoxifen
64,"""Today I got great news that there is a low chance of recurrence of my #breastcancer and that I will need radiation & 5 years of being on Tamoxifen. No chemo! This was all due to EARLY DETECTION. Whatever routine test you are due for, go get it! Don't put it off! #cancersucks""",chemotherapy
65,42 & tamoxifen means I shall not get pregnant.Because of my age wasn’t planning but when it’s taken away sadness overshadows #breastcancer,tamoxifen
66,#ThrowbackThursday to 4 years ago when I weighed 2 stone less than I do now thanks to my #breastcancer treatments including #Tamoxifen. Would so love to be back to this shape and weight but fear it wont happen whilst ever I am on the Tamoxifen  Im becoming fat and frumpy  pic.twitter.com/OtS0BKOyJT,tamoxifen
67,"""Yes don’t blame you sweetheart.  I was thrown into menopause whilst having breast cancer treatment and then tamoxifen.  I can’t have HRT as my cancer was oestrogen receptive.  The change in me was horrendous, I felt I was truly becoming a mad woman""",tamoxifen
68,"""Always led to believe Tamoxifen was the ‘drug of choice’ for the five years post-op, Radiotherapy. No way were Helen or I made aware of the risks outlined on here during the period 1996 until 2000 when second breast cancer diagnosed. Makes me wonder...?""",tamoxifen
69,"""Always led to believe Tamoxifen was the ‘drug of choice’ for the five years post-op, Radiotherapy. No way were Helen or I made aware of the risks outlined on here during the period 1996 until 2000 when second breast cancer diagnosed. Makes me wonder...?""",chemotherapy
70,Any #Runners finding #Tamoxifen causing loss of fitness? I can’t #run anymore since starting it 5 months ago. I didn’t have #chemo so I can’t blame that. Anyone know if tamoxifen can affect #fitness? #running #breastcancer,tamoxifen
71,"""As I sit in #SABCS18 Main Hall, this question JUST came across my breast cancer support group listserv. """"Does anyone have any extra Tamoxifen you will never use? I am unemployed and can’t afford the $400 charge for refill"""" #breastcancerrealitycheck #bcsm #bccww #financialtoxicity""",tamoxifen
72,"""I’m a breast cancer survivor, as well, currently on tamoxifen. There aren’t any interactions with those ingredients at any stage of treatment. GABA and theanine got me through the post-meno anxiety after chemo. """,tamoxifen
73,"""I’m a breast cancer survivor, as well, currently on tamoxifen. There aren’t any interactions with those ingredients at any stage of treatment. GABA and theanine got me through the post-meno anxiety after chemo. """,chemotherapy
74,Does anyone have the pleasure (not) to have taken Capecitabine chemo drug?  I’m on it now round 13 (5 for this type). It’s by far the worse chemo I’ve been on. My feet are raw and it hurts to stand walk. What are you using?  #cancersucks #breastcancer,capecitabine
75,Does anyone have the pleasure (not) to have taken Capecitabine chemo drug?  I’m on it now round 13 (5 for this type). It’s by far the worse chemo I’ve been on. My feet are raw and it hurts to stand walk. What are you using?  #cancersucks #breastcancer,chemotherapy
76,Does anyone have the pleasure (not) to have taken Capecitabine chemo drug?  I’m on it now round 13 (5 for this type). It’s by far the worse chemo I’ve been on. My feet are raw and it hurts to stand walk. What are you using?  #cancersucks #breastcancer,chemotherapy
77,"""3 years ago today that I had the hysterectomy/oophorectomy. I had to be medically induced into menopause because my body was intolerant of Tamoxifen, Evista and Lupron injections. Single and never had or will have kids. My #breastcancer was 100% ER+. Grief never fully leaves.""",tamoxifen
78,"""3 years ago today that I had the hysterectomy/oophorectomy. I had to be medically induced into menopause because my body was intolerant of Tamoxifen, Evista and Lupron injections. Single and never had or will have kids. My #breastcancer was 100% ER+. Grief never fully leaves.""",evista
79,"""@eddiemair @LBC I have/am  being treated for #breastcancer  with #radiotherapy and Tamoxifen, trouble is nobody tells you of the awful side effects, if the Cancer doesn't kill you the side effects of the treatment will.""",tamoxifen
80,"""I find diet post cancer extremely confusing (I had ER postive breast cancer. To soy or not to soy, ketogenic diet has benefits, what supplements can we take (if any) - as I now fins out curcumin interacts with Tamoxifen.. its a minefield!""",tamoxifen
81,"Happy 21st to my baby boy. Best party ever done & dusted, now to start chemo & beat breast cancer. Love you kiddo x pic.twitter.com/8R97kcjnuz",chemotherapy
82,Very similar to my story 12 months ago however mine was breast cancer. Chemotherapy is a battle ,chemotherapy
83,@MyPeakChallenge @SamHeughan just had my first chemo treatment for breast cancer but I'm joining #MPC2017 this won't stop mepic.twitter.com/2O5EXq80AX,chemotherapy
84,Bad day @ wrk Im behind bc Im out a lot 4 chemo radiation &dealing w pain causd by stage 4 breast cancer so boss sent me a really ugly email,chemotherapy
85,"""Yep, when I used to take it I was charged double for one pack of pills. Thought it was outrageous at the time! Ironically I’m now paying nothing for pills which are actually accelerating menopause as part of my breast cancer treatment! #Tamoxifen""",tamoxifen
86,@MenopauseChicks can someone help me please. I'm on Tamoxifen following breast cancer so therefore I cannot take any hormonal drugs but.....,tamoxifen
87,"""After feeding 3 babies mine were like deflated balloons but my breast cancer didn’t show on mammogram. Apparently tamoxifen makes them less dense, waiting to hear if I’ll be offered other imaging at my first checkup.""",tamoxifen
88,"""Given that cancer was most likely circulating on my IIIc diagnosis, I was most happy to have both. Also happy to have radiation to mop up breast and axilla areas. And lucky that Tamoxifen is side-effect free. Ecstatic to be five years in remission. #bcsm""",tamoxifen
89,@SenWarren @SenMarkey @sethmoulton I had breast cancer 2 yrs ago had dbl mastectomy and on Tamoxifen. Could my premiums go way up?,tamoxifen
90,Any of my breast cancer warriors taking Effexor to help with hot flashes from tamoxifen? I’m taking it and not liking it ,tamoxifen
91,"""Wow, now my whole Tamoxifen estrogen blocker treatment for hormone positive breast cancer is questionable. Twitter science!""",tamoxifen
92,After 12 Months of Horrendous Side Effects From Tamoxifen! I’ve Now Been Given These To Try  #breastcancer #Letrozole #Hormonetreatment #nreastcancersuckspic.twitter.com/5nZmww3ijQ,tamoxifen
93,@MelDMann Hey folks. Stage 3 breast cancer survivor here .Diagnosed in December 2012. Bilateral mastectomy and node removal under right arm.On Tamoxifen for 10 years. 5 years free now . Lots of nerve pain but happy to be alive,tamoxifen
94,"""Yes, I take tamoxifen daily. Already had a hysterectomy a year before I got breast cancer but I've still got my ovaries. Argued I wanted them out but they said chemo would put me into menopause. Recent bloods say I'm not!!""",tamoxifen
95,"""Yes, I take tamoxifen daily. Already had a hysterectomy a year before I got breast cancer but I've still got my ovaries. Argued I wanted them out but they said chemo would put me into menopause. Recent bloods say I'm not!!""",chemotherapy
96,"""Have any of your followers had issues with the drug Letrozole? When my breast cancer returned last year, I was switched from Tamoxifen to Letrozole. I have severe pains in my joints, especially my hands. I wear splints at night to keep my fingers straight. Kicked cancer, though.""",letrozole
97,"""Have any of your followers had issues with the drug Letrozole? When my breast cancer returned last year, I was switched from Tamoxifen to Letrozole. I have severe pains in my joints, especially my hands. I wear splints at night to keep my fingers straight. Kicked cancer, though.""",tamoxifen
98,"""Have any of your followers had issues with the drug Letrozole? When my breast cancer returned last year, I was switched from Tamoxifen to Letrozole. I have severe pains in my joints, especially my hands. I wear splints at night to keep my fingers straight. Kicked cancer, though.""",letrazol
99,"""Have any of your followers had issues with the drug Letrozole? When my breast cancer returned last year, I was switched from Tamoxifen to Letrozole. I have severe pains in my joints, especially my hands. I wear splints at night to keep my fingers straight. Kicked cancer, though.""",letrozole
100,"""Yes has helped me recover from breast cancer , helps with the side effects of tamoxifen and Zoladex . London 100 in a couple of weeks  """,tamoxifen
101,"""Yes has helped me recover from breast cancer , helps with the side effects of tamoxifen and Zoladex . London 100 in a couple of weeks  """,zoladex
102,"""Five years ago, after treatment for breast cancer, I was fine as far as ED went, even on Tamoxifen. Three years ago a prostage cancer diagnosis led to a prostatectomy and subsequent ED. The (un)helpful advice from my urologist: """"let's do a penile implant"""". No thanks, I'll get by.""",tamoxifen
103,After 30 years of treating breast cancer I want the last quarter of my career to focus on prevention- where I started with the tamoxifen prevention IBISI trial. #breastdensity gives us unique insight prevention options #reducebreastdensity,tamoxifen
104,"""#selfcare daily, as a breast cancer survivor on tamoxifen #crazyestrogenmodulator, I make myselfcare a priority daily cause if I don’t my poor husband and the rest of the world wouldn’t know how to deal with me#Crazy, do more of what makes you happy""",tamoxifen
105,"""Ok #breastcancer warriors.  Thoughts on #tamoxifen ?  I know i will live longer if i continue to take it, but the side effects are super sucky. Do i tough it out? Change meds? Or take meds to start early menopause & continue Tamoxifen?""",tamoxifen
106,"""I saved my own life, too, after stage 3 breast cancer treatment ended, I went on tamoxifen, and something felt wrong in my lower belly. I was sent to therapy and told I was hysterical but no. Uterine cancer - a known side effect of tamoxifen. Just remember you are STILL YOU.""",tamoxifen
107,"""I saved my own life, too, after stage 3 breast cancer treatment ended, I went on tamoxifen, and something felt wrong in my lower belly. I was sent to therapy and told I was hysterical but no. Uterine cancer - a known side effect of tamoxifen. Just remember you are STILL YOU.""",tamoxifen
108,"""I took zoladex for a few months last winter, but have been on just tamoxifen since January. I've never had anything like this before though,  apart from swelling during egg retrieval before I started my breast cancer treatment  pic.twitter.com/N2aPRVqX6J""",zoladex
109,"""I took zoladex for a few months last winter, but have been on just tamoxifen since January. I've never had anything like this before though,  apart from swelling during egg retrieval before I started my breast cancer treatment  pic.twitter.com/N2aPRVqX6J""",tamoxifen
110,"""Advice needed for strengthening nails one year post chemo (EC & Taxol) & having been on Tamoxifen for a year? I know it’s small in the grand scheme of things, but they are so soft, brittle, short and painful when they crack and break at this length. #chemo #breastcancer #nails""",chemotherapy
111,"""Advice needed for strengthening nails one year post chemo (EC & Taxol) & having been on Tamoxifen for a year? I know it’s small in the grand scheme of things, but they are so soft, brittle, short and painful when they crack and break at this length. #chemo #breastcancer #nails""",taxol
112,"""Advice needed for strengthening nails one year post chemo (EC & Taxol) & having been on Tamoxifen for a year? I know it’s small in the grand scheme of things, but they are so soft, brittle, short and painful when they crack and break at this length. #chemo #breastcancer #nails""",tamoxifen
113,A hereditary genetic mutation gave me breast cancer at 44. My mom & grandma also have this mutation. Both had early onset cancer at the same age as me. I have to tk Tamoxifen for 10 yrs. Has created a whole host of new health problems like fatty liver & debilitating joint pain.,tamoxifen
114,"""After hearing the side effects of tamoxifen, I’m starting to think maybe I don’t want to do it and go the other route of shots every month and some other pill. #breastcancer #multifocal""",tamoxifen
115,"""Stage 3 breast cancer survivor - mastectomy, chemo, radiation, 5 years tamoxifen, reconstructive surgery, hysterectomy - & a kidney transplant recipient. My only expense was parking at hospital(s). You do not know of what you speak, Doc. In USA I would be bankrupt.""",chemotherapy
116,"""Stage 3 breast cancer survivor - mastectomy, chemo, radiation, 5 years tamoxifen, reconstructive surgery, hysterectomy - & a kidney transplant recipient. My only expense was parking at hospital(s). You do not know of what you speak, Doc. In USA I would be bankrupt.""",tamoxifen
117,@BBCWomansHour Having had tamoxifen in my 40s for breast cancer I’ve been thrown into early menopause x100 ... I’ve preferred the symptoms of the menopause than PMT that I used to have... what I object to is this bloody scaremongering about us not living well after menopause....,tamoxifen
118,"""This sucks.  I just had breast reduction surgery to remove my cancer tumour as well as lymph nodes.  Zero cost to me in NZ.  My upcoming chemo, radiation therapy and tamoxifen will be free as well.  I hope you get universal health care soon.""",chemotherapy
119,"""This sucks.  I just had breast reduction surgery to remove my cancer tumour as well as lymph nodes.  Zero cost to me in NZ.  My upcoming chemo, radiation therapy and tamoxifen will be free as well.  I hope you get universal health care soon.""",tamoxifen
120,4 weeks since treatment finished! Tamoxifen for the next 10 years &I feel a bit lost/out of sorts .....Back to work part time on Thursday so hopefully this will be the start of getting back to “NORMAL” #fuckcancer #breastcancer I kicked your ass!! ,tamoxifen
121,About to switch my daily tablet from Tamoxifen to Exemestane feeling nervous about the new side effects and increased joint pain. I’ll be on these for 10 years. #breastcancer @bccww @YBCN_UKpic.twitter.com/De50xJjwnQ,tamoxifen
122,About to switch my daily tablet from Tamoxifen to Exemestane feeling nervous about the new side effects and increased joint pain. I’ll be on these for 10 years. #breastcancer @bccww @YBCN_UKpic.twitter.com/De50xJjwnQ,exemestane 
123,"""Yes to this. I’m on a drug holiday from Tamoxifen and I feel great. Once I resume I’ll be back to fatigue, depression, joint pain and nausea. 6 months down, 4.5 years to go! #breastcancer #survivor #Tamoxifen #bcsm""",tamoxifen
124,"""Omg I get these and call them my witch hairs. The good thing is the two or three I have always come back in the same spot so I know to look out. I have to take tamoxifen cause I'm a breast cancer survivor though and it caused a new one tho, this looooooong""",tamoxifen
125,"""Great piece of writing, I was given the blank stare from on oncologist/nurses when I mentioned my lost of libido from breast cancer drugs , hope my orgasms go back to normal when I finish tamoxifen/Zoladex in 4 years """,tamoxifen
126,"""Great piece of writing, I was given the blank stare from on oncologist/nurses when I mentioned my lost of libido from breast cancer drugs , hope my orgasms go back to normal when I finish tamoxifen/Zoladex in 4 years """,zoladex
127,b'@JeffreeStar I have breast cancer and a mother of 3. Just got laid off work last week and my chemotherapy got pushed till further notice due to the virus $Mamalama03 #JeffreeStarApproved \xf0\x9f\x99\x8f\xf0\x9f\x99\x8f',chemotherapy
128,"b'What is being done to prioritise online shopping for vulnerable people? I have breast cancer &amp; undergoing chemo and can't get any online shopping slots, I did have a Tesco's slot booked but they cancelled it 30 minutes before my shop. @RishiSunak @tracey_crouch @itvmeridian'",chemotherapy
129,b'@JeffreeStar  I am a single mom of two girls I currently was diagnosed with breast cancer and had a double bilateral mastectomy in January I start chemo next week so with all that's going on I'm not going to be able to leave my house much let alone work.\nLove you and all you do.',chemotherapy
130,"b'Dear @GovBillLee: I am a wife and a mother and I love my family very much. I have metastatic breast cancer and am in active chemotherapy. Please, please consider shelter in place to keep myself and my family and so many others as safe as humanly possible during this time.'",chemotherapy
131,"b""@JeffreeStar I'm a 36 year old mother of 2 autistic kids. I was just diagnosed with breast cancer 2 days ago. I will be having a double mastectomy in 3 weeks and be starting chemo shortly after. On top of this my husband and I are both out of work until the corona stuff is over.""",chemotherapy
132,"b""@mama_senior Being a breast cancer survivor, I know ur very strong!My mom beat it twice, once in '01 &amp; she got it again in '12. We live in the South &amp; my parents live in Ohio. My step dad is going through chemo right now at the Cleveland Clinic.I'm petrified that we may never see them again\xf0\x9f\xa5\xba""",chemotherapy
133,"b'@tania_leonora @AdrianaStan @Bewitched_Fans Thankfully, you BOTH sound very strong and resilient ! Yes, the lungs are what we must try to avoid with all that is in us! I have asthma and had breast cancer a few years ago and chemo compromised my immune system\xe2\x80\x94 and I'm OLD!\xf0\x9f\x98\xb3 hahaha'",chemotherapy
134,b'@HumanityForward Thank you for trying to make this country better and stronger. I was diagnosed with breast cancer in May. I've finished chemo and am currently recovering from my 6th surgery. Still not back to work and my husband just lost his job yesterday. Trying to stay positive!',chemotherapy
135,b'@bullyromeo @BrandonBeckham_ @DeptVetAffairs @realDonaldTrump @POTUS Show me state? Lol misery Missouri?. No.  Are you self quarantine? I am. See I have high BP copd and doing chemo for stage 3 breast cancer so I have a reason to pay attention. So I am smart enough and my very life is on the line. The stats mean zero to me. I am far from stupid',chemotherapy
136,"b""@ProfKarolSikora I've had my radiotherapy for breast cancer reduced to 5 sessions. The reasons according to my Radiologist &amp; Oncologist are to reduced time in hospital reducing potential exposure to the virus , concerns about lack of staff due to sickness and most importantly to share sessions.""",chemotherapy
137,"Very true. In one year -diagnosed with breast cancer, started chemo, lost my hair, soon after, my husband left, then 6 months later lost job",chemotherapy
138,@AlexWassabi wondering when pink hats up 4 sale I start my chemo tomorrow & going to loose my hair so I wear hats 2nd time w/breast cancer ,chemotherapy
139,"I got sick, had breast cancer, surgery, chemo and radiation, covered by the taxes we pay. I'm healthy, glad I'm not in U.S. !!",chemotherapy
140,Obamacare sucks for all of us. Had breast cancer in 2009 And paid less that year including chemo then last year when I broke my wrist w/Surgery with a copay of &5000 to start with,chemotherapy
141,"Maple leafs/Panthers game last night!! Nearly brought me to tears during this moment as I am battling breast cancer and sat in Section128 with a bald chemo head, having the best time I've had in a long time(there was a gorgeous bald guy there too)...Lucy #HockeyFightsCancerpic.twitter.com/qv8mMvxKAz",chemotherapy
142,"I take Ibrance to fight stage IV breast cancer. It's $13,000 for 21 pills. I will take this for the rest of my life or until it stops working. Cancer medication is ridiculously expensive. Chemo is between $3k-10k a month too. And when you're stage IV, you never stop taking them.",ibrance
143,"I take Ibrance to fight stage IV breast cancer. It's $13,000 for 21 pills. I will take this for the rest of my life or until it stops working. Cancer medication is ridiculously expensive. Chemo is between $3k-10k a month too. And when you're stage IV, you never stop taking them.",chemotherapy
144,I am so happy about this I had breast cancer a mastectomy and chemotherapy and if all that can be stopped by this blood test it means women men and children will not have to suffer these awful treatments,chemotherapy
145,"I have secondary breast cancer controlled by palliative chemo as and when needed Tony, get my next results on the 20th of April since my last scan this month, if its not grown i get another 3 months off till the next scan, so fingers crossed, or thats summer fu*ked!!!!",chemotherapy
146,"b'@daleta2016 @jeannin36571196 @aftabgujral i had breast cancer at 51 which had spread to lymph nodes - had everything including chemo, radiotherapy and a years worth of herceptin - administered like chemo but over a year. still alive and kicking at 63. given the advances i'm sure you'll be fine. wishing you all the best.'",chemotherapy
147,"b'@daleta2016 @jeannin36571196 @aftabgujral i had breast cancer at 51 which had spread to lymph nodes - had everything including chemo, radiotherapy and a years worth of herceptin - administered like chemo but over a year. still alive and kicking at 63. given the advances i'm sure you'll be fine. wishing you all the best.'",chemotherapy
148,"b'@daleta2016 @jeannin36571196 @aftabgujral i had breast cancer at 51 which had spread to lymph nodes - had everything including chemo, radiotherapy and a years worth of herceptin - administered like chemo but over a year. still alive and kicking at 63. given the advances i'm sure you'll be fine. wishing you all the best.'",herceptin
149,"b'@daleta2016 @jeannin36571196 @aftabgujral i had breast cancer at 51 which had spread to lymph nodes - had everything including chemo, radiotherapy and a years worth of herceptin - administered like chemo but over a year. still alive and kicking at 63. given the advances i'm sure you'll be fine. wishing you all the best.'",chemotherapy
150,"b'@dykeyc @abcdiagnosis @uk_oncologist @nicecomms @breastcancernow @2ndary1st @secondhopeorg @make2ndscount @robclarkelab @drracheleyre @ismenasg it's a lot of work, and that's what needs fighting. i have to drive over 2.5 hours there, 2.5 hours back to get herceptin as part of a clinical trial, and i have to have it weekly , not 3 weekly and jump through a lot of hoops and have many tests....'",herceptin
151,"b'@snowangelmrsp @bjsteffen53 me too. hot flashes galore. been cooking from the inside out. breast cancer sucks. mine is her2+. ive been on herceptin which is our ""silver bullet"". how are you doing?'",herceptin
152,b'@taylorswift13 i'm so very sorry to hear about your mother my daughter and son are going through same thing. i'm 62 i have stage iv mestastic breast cancer. dx in 2017. it's been a really hard road i had to retire and go on ssdi. can't afford co pay and deductibles it sucks. i'm on ibrance',ibrance
153,"b'thank you @breastcancernow currently selling my magazine to fund after care, would be happy to give 15% of the sale to this research &amp; #olaparib. diagnosed 28/02/17 #breastcancer triple neg, grade 3, brca2 + had chemo, the usual bits removed, discharged in may 2019, no aftercare.'",chemotherapy
154,b'@meladoodle i live in the states. i had breast cancer and i missed 2 rounds of chemo because my insurance was cut off. one of my meds alone cost $2000 per infusion.  i had 1 every 3 weeks for 1 year.',chemotherapy
155,"b'@mattdfreund i mean it does, but also, the two biggest drugs genentech spends money on are rituxan and herceptin. $85m in spending on doctors alone for those two\n\nbut we also know they work really well - herceptin is practically a miracle drug for breast cancer.'",herceptin
156,"b'@mattdfreund i mean it does, but also, the two biggest drugs genentech spends money on are rituxan and herceptin. $85m in spending on doctors alone for those two\n\nbut we also know they work really well - herceptin is practically a miracle drug for breast cancer.'",herceptin
157,"b'for 9 years i to have been telling all that breast cancer won't kill me the side effects from chemo will and are still killing me. congratulations on your one yea, hopefully you can catch up to me, 8 more to go!ito know how debilitating the depression can be.'",chemotherapy
158,"b'@nanokkie what chemo am i on? i'm in a clinical trial specifically for triple negative metastatic breast cancer. taxol, ipatasertib chemo pills &amp; tecentriq immunotherapy infusion.  it's why i asked you what type of cancer you have. there are clinical trials for specific types. ask ur onc'",chemotherapy
159,"b'@nanokkie what chemo am i on? i'm in a clinical trial specifically for triple negative metastatic breast cancer. taxol, ipatasertib chemo pills &amp; tecentriq immunotherapy infusion.  it's why i asked you what type of cancer you have. there are clinical trials for specific types. ask ur onc'",taxol
160,"b'@nanokkie what chemo am i on? i'm in a clinical trial specifically for triple negative metastatic breast cancer. taxol, ipatasertib chemo pills &amp; tecentriq immunotherapy infusion.  it's why i asked you what type of cancer you have. there are clinical trials for specific types. ask ur onc'",chemotherapy
161,"b'@nanokkie what chemo am i on? i'm in a clinical trial specifically for triple negative metastatic breast cancer. taxol, ipatasertib chemo pills &amp; tecentriq immunotherapy infusion.  it's why i asked you what type of cancer you have. there are clinical trials for specific types. ask ur onc'",monotherapy
162,"b'@sweeterthanhon i'm taking ibrance for breast cancer. i just made a 2,788.21 co pay for 21 pills. cash price is $25,750 ish a bottle \xf0\x9f\xa5\xba so, it's certainly not getting any better. we're kinda screwed, aren't we'",ibrance
163,"b'what i want to know is the reverse, with no prior heart disease, i had a #hearthealth scare after #cancer treatments. i'm thankful it was a false-positive and all is well, but i've heard there's a correlation between chemotherapy and #heartdisease ? #breastcancer  . true? #health'",chemotherapy
164,"b""@samanthamalin @bsbreastcancer sadly mine comes and goes, as does insomnia.  the chemo i'm on now is making me irritable #notgood #livinghell #bowelcancer #lonsurf""",chemotherapy
165,"b'@leeleeb50 i take ibrance for stage 4 metastatic breast cancer. 21 pills cost $25,000. our co pay starts at $2,500 and each month decreases a little, but wth are we supposed to do when pills to hopefully extend my survival cost 60% of our income \xf0\x9f\xa4\xb7\xe2\x80\x8d\xe2\x99\x80\xef\xb8\x8f we find the money'",ibrance
166,"b""lying in bed feeling poorly post chemo for #breastcancer feeling hopeful i'll be cured - already lost breast -  good to know all #ulrika has to worry about is how her boobs look! get a grip woman shame as such good articles on @lorraine yesterday #breastcancerawareness""",chemotherapy
167,"b'just over 3 years since the end of chemo.  i think i spot some split ends!!  do i trim...or do i just let it be?  have had only one trim since chemo ended, to de-pouf the sides.\nmaybe just let it be...\n\n#fcancer #fuckcancer #cancer #breastcancer #cancersurvivor'",chemotherapy
168,"b'just over 3 years since the end of chemo.  i think i spot some split ends!!  do i trim...or do i just let it be?  have had only one trim since chemo ended, to de-pouf the sides.\nmaybe just let it be...\n\n#fcancer #fuckcancer #cancer #breastcancer #cancersurvivor'",chemotherapy
169,b'@jeopardy right on!! i finished chemo treatment for breast cancer 12/31. tuesday i had my bi-lateral mastectomy. a positive attitude is key! \xe2\x9d\xa4\xef\xb8\x8f',chemotherapy
170,b'truth -  and this is also my personal story as i had 4 autoimmune disorders and breast cancer. i went grain free high fat and restored my body without chemo or radiation i have been well since 2005. #breastcancer #inflammatoryfood #glutenfree #youcanheal',chemotherapy
171,"b'since june 2018 i've had an operation, chemotherapy, lost my hair, radiotherapy &amp; yesterday i had my last herceptin injection to treat breast cancer. \nit's been a tough gig but i'm though it - so good luck to anyone facing a scary diagnosis - you've got this x \xf0\x9f\x8d\x80\xf0\x9f\x91\x8a'",chemotherapy
172,"b'since june 2018 i've had an operation, chemotherapy, lost my hair, radiotherapy &amp; yesterday i had my last herceptin injection to treat breast cancer. \nit's been a tough gig but i'm though it - so good luck to anyone facing a scary diagnosis - you've got this x \xf0\x9f\x8d\x80\xf0\x9f\x91\x8a'",chemotherapy
173,"b'since june 2018 i've had an operation, chemotherapy, lost my hair, radiotherapy &amp; yesterday i had my last herceptin injection to treat breast cancer. \nit's been a tough gig but i'm though it - so good luck to anyone facing a scary diagnosis - you've got this x \xf0\x9f\x8d\x80\xf0\x9f\x91\x8a'",herceptin
174,"b'@jordan_sather_ hard pass! i won't take chemo for triple negative breast cancer either! going the holistic way... too scared it will kill me... oh, and one of the names they call a drug within the \xe2\x80\x9cprotocol\xe2\x80\x9d \xe2\x80\x9cthe red devil\xe2\x80\x9d yeah, i'll take my chances! it killed my mom in 2014..'",chemotherapy
175,"b""@repdancrenshaw i'm so sorry to know you lost your mother &amp; realize you miss her terribly.  i'm a breast cancer survivor (surgery, taxotere &amp; cytoxan, + radiation).  as a mother &amp; cardiac/critical care rn, i'm very grateful for your mother's pioneering courage.  god bless you as you advocate!""",taxotere
176,"b""@repdancrenshaw i'm so sorry to know you lost your mother &amp; realize you miss her terribly.  i'm a breast cancer survivor (surgery, taxotere &amp; cytoxan, + radiation).  as a mother &amp; cardiac/critical care rn, i'm very grateful for your mother's pioneering courage.  god bless you as you advocate!""",cytoxan
177,"Diagnosed w/ breast cancer 2 weeks before going on Medicaid through the expansion. Chemo, surgery, radiation, meds. Saved my life.",chemotherapy
178,"Absolutely disgusting I am a stage 3 breast cancer survivor who had chemo, mastectomy & radiation couldn’t imagine handling it without opioid pain relief",chemotherapy
179,@YandR_CBS  Today's episode was the most horrible I've  seen in 40 years. I'm a 2 time breast cancer survivor. This episode actually gave me PTSD. So careless with the dream sequences. And the disappearing chemo shunt? Speechless. This is no way to bring ,chemotherapy
180,@GiulianaRancic @DohertyShannen Ur my inspiration. Going thru my 2nd battle in 6 yrs. Just started chemo. Long road ahead#breastcancer pic.twitter.com/EdhMAVMAyY,chemotherapy
181,2 years ago I sat in a bed at Northwestern Memorial Hospital in Chicago to receive my first chemo treatment of Taxotere Carboplatin Herceptin and Perjeta. It took about 5 hours to receive treatment plus fluids and steroids. #cancer #chemoversary #breastcancer #warrior #chemopic.twitter.com/1iTmdzwhBJ,chemotherapy
182,2 years ago I sat in a bed at Northwestern Memorial Hospital in Chicago to receive my first chemo treatment of Taxotere Carboplatin Herceptin and Perjeta. It took about 5 hours to receive treatment plus fluids and steroids. #cancer #chemoversary #breastcancer #warrior #chemopic.twitter.com/1iTmdzwhBJ,taxotere
183,2 years ago I sat in a bed at Northwestern Memorial Hospital in Chicago to receive my first chemo treatment of Taxotere Carboplatin Herceptin and Perjeta. It took about 5 hours to receive treatment plus fluids and steroids. #cancer #chemoversary #breastcancer #warrior #chemopic.twitter.com/1iTmdzwhBJ,carboplatin
184,2 years ago I sat in a bed at Northwestern Memorial Hospital in Chicago to receive my first chemo treatment of Taxotere Carboplatin Herceptin and Perjeta. It took about 5 hours to receive treatment plus fluids and steroids. #cancer #chemoversary #breastcancer #warrior #chemopic.twitter.com/1iTmdzwhBJ,herceptin
185,2 years ago I sat in a bed at Northwestern Memorial Hospital in Chicago to receive my first chemo treatment of Taxotere Carboplatin Herceptin and Perjeta. It took about 5 hours to receive treatment plus fluids and steroids. #cancer #chemoversary #breastcancer #warrior #chemopic.twitter.com/1iTmdzwhBJ,perjeta
186,Chemo has got me down for the count!  Bone and muscle pain from the Nuelasta. Just waiting to feel a little like me again. Hopefully it happens sooner rather than later so I can enjoy myself before the next round. #breastcancer #chemotherapy,chemotherapy
187,Chemo has got me down for the count!  Bone and muscle pain from the Nuelasta. Just waiting to feel a little like me again. Hopefully it happens sooner rather than later so I can enjoy myself before the next round. #breastcancer #chemotherapy,chemotherapy
188,"Different #icecream & #icedtea flavors every day of radiation treatment. 33 days! Thank you @ILoveBlueBell @TeasofTexas for gifts that helped celebrate the last day of my triathlon of chemo-surgery-radiation Texas Strong. Find a sweet moment, every day. #breastcancer #texas #atxpic.twitter.com/HIoxcBQ17j",chemotherapy
189,"Early Xmas pressie, in a way. Dr stopping chemo 2 weeks early cause of peripheral neuropathy- tomorrow will be my last dose! Thrilled is an understatement #fightlikeagirl #feelgood4chrissy #breastcancer",chemotherapy
190,Had our valentines tonight. Chemo tomorrow. Feeling a little nervous if I’m honest. Seems like I’ve got such a long way to go yet. Seen breast reconstruction nurse today too. #breastcancer #chemotherapy,chemotherapy
191,Had our valentines tonight. Chemo tomorrow. Feeling a little nervous if I’m honest. Seems like I’ve got such a long way to go yet. Seen breast reconstruction nurse today too. #breastcancer #chemotherapy,chemotherapy
192,I lost my hair from chemo.  Actually I enjoying #bald life  I was going to wear wig but I realized I didn’t do anything wrong!  I will keep enjoy #mylife #breastcancer #pinkribbon #Warriorpic.twitter.com/6qJwIwttud,chemotherapy
193,"b'6 months ago almost to the day i was diagnosed with stage ii/iii metastatic breast cancer. today, after 8 rounds of chemotherapy, a lumpectomy and the removal of several lymph nodes, my mri and pathology reports show that i am cancer free!!!! \xf0\x9f\x98\x80\xf0\x9f\x98\x80\xf0\x9f\x98\x80 #beatcancer #fightlikeagirl'",chemotherapy
194,"b'@piersmorgan piers, as a 65 year old , recovering from chemo for breast cancer i am concerned. i live a few miles from anfield and it's absolutely irresponsible and outrageous! it's all about the \xc2\xa3\xc2\xa3 !'",chemotherapy
195,"b'@dburton3 @rebel_yell1000 @lindamusgrove9 @freedomdfighter @marsha51287475 @he48300141 @merde_jacques @rionnile @tonykimble4 @tc1776 @tesslawver @charlesaskov @lvraybon @jodiegm @wattzzd it actually wasn't much. breast cancer in 85. radical m. the chemo sucked big time. \n\nbut i flew from ca to pa for a dog show the thursday after i got out of the hospital on sunday. showed my dog, too, all three days. \n\ndoc said i could go if i felt like it.'",chemotherapy
196,"b""i am terrified. i'm terminally ill with stage 4 breast cancer that has metastasized to my lungs and am receiving weekly chemo to try and stabilise it. today was the quietest i'd seen the hospital and roads. (1/3)""",chemotherapy
197,"b'@templesmarkets i did the same in 2002 plus hydrogen peroxide ivs. i wanted to do this instead of chemo, but my doctor told me i had to do the chemo as well to make sure the breast cancer cells were killed due to its ability to metastasize elsewhere, &amp; ivs would be therapeutic &amp; detox the chemo.'",chemotherapy
198,"b'@templesmarkets i did the same in 2002 plus hydrogen peroxide ivs. i wanted to do this instead of chemo, but my doctor told me i had to do the chemo as well to make sure the breast cancer cells were killed due to its ability to metastasize elsewhere, &amp; ivs would be therapeutic &amp; detox the chemo.'",chemotherapy
199,"b'@templesmarkets i did the same in 2002 plus hydrogen peroxide ivs. i wanted to do this instead of chemo, but my doctor told me i had to do the chemo as well to make sure the breast cancer cells were killed due to its ability to metastasize elsewhere, &amp; ivs would be therapeutic &amp; detox the chemo.'",chemotherapy
200,"b'@templesmarkets i did the same in 2002 plus hydrogen peroxide ivs. i wanted to do this instead of chemo, but my doctor told me i had to do the chemo as well to make sure the breast cancer cells were killed due to its ability to metastasize elsewhere, &amp; ivs would be therapeutic &amp; detox the chemo.'",chemotherapy
201,"b'was so excited to make it through double mastectomy, 16 rounds of chemo, and 5 weeks of radiation to beat breast cancer...only to die in a pandemic 3 weeks later? seems harsh. #breastcancer #breastcancersurvivor #covid_19'",chemotherapy
202,"b""i am having treatment (chemo) for breast cancer i am really trying not to worry too much about coronavirus but i'm 67 so wonder is there any advice you can give me. #jeremyvine""",chemotherapy
203,b'@jeremyvineon5 @drchrissmith @drsarahjarvis i am having chemotherapy  at present for breast cancer  is there any advice other than the usual  common sense? thank you',chemotherapy
204,"b'@vjallison1974 thank you. i am in self-isolation myself as a breast cancer patient going through chemotherapy, so it was the least i could do'",chemotherapy
205,b'@audsdisease i finished chemo and radiation one year ago. consider myself a breast cancer survivor. but i'm still staying away from crowds/people as much as i possibly can.',chemotherapy
206,"b'i have #breastcancer and am in chemo. my kids are in public schools, which will not close until you make the suggestion. my parents are seniors and helping with their care. please protect the immune compromised and suggest that local school districts close. #closetheschools'",chemotherapy
207,"b""@nicalexm @swimnerds i would hope they would cover their mouths. i talked to my swimmers about not coming to practice if they have symptoms, and they know i'm already immuno-compromised because of breast cancer &amp; chemo\n\ni keep my distance and feel safe if they're in the water""",chemotherapy
208,"b'@vicderbyshire i'm really scared. i had a heart bypass &amp; a tumour removed , followed by radiotherapy , then breast cancer surgery last year. currently having follow up radiotherapy . i feel completely worn out and i know that my immune system is weakened.'",chemotherapy
209,"b'@vicderbyshire i'm really scared. i had a heart bypass &amp; a tumour removed , followed by radiotherapy , then breast cancer surgery last year. currently having follow up radiotherapy . i feel completely worn out and i know that my immune system is weakened.'",chemotherapy
210,b'@fractiousowl @noplaceforsheep best wishes from an internet stranger.  my breast cancer surgery was two and a half weeks ago.  the relief was immense when pathology results showed i needed neither chemo nor radiotherapy.  may you too be cancer free soon.',chemotherapy
211,b'@fractiousowl @noplaceforsheep best wishes from an internet stranger.  my breast cancer surgery was two and a half weeks ago.  the relief was immense when pathology results showed i needed neither chemo nor radiotherapy.  may you too be cancer free soon.',chemotherapy
212,"b'yesterday,  i had my breast cancer surgery.  i was supposed to have lumpectomy with intra-operative radiation.  then they found cancer in my lymph nodes.  my world is turmoil.\nthis is a bad week.'",preoperative
213,b'@askjillian even if you took tamoxifen for 5 years like i did your immune system is compromised. i catch every bug there is so staying home except for quick dashes to the store. 12 years breast cancer free',tamoxifen
214,"b""god watched his children. perfect example. if i ever forget he's with me, he reminds me. did i tell u i'm a survivor of breast cancer &amp; didn't need chemo/radiation? god is so good.""",chemotherapy
215,"b""i'm 73 and active. however i am a breast and lung cancer survivor who after two rounds of chemotherapy my immune system is obviously somewhat compromised. i have had a lobectomy, an ongoing lung abscess for which i take prophylactic antibiotics and copd. should i stay home?""",chemotherapy
216,"b'@glamandgore still having to pay off medical bills from breast cancer treatment that went on for the last 2 years. fuck cancer, my dudes.\nvenmo: @jessica-trojan'",trovan
217,"b""@runawaygirl248 i'm terrified that my breast cancer will come back because of not being able to tolerate the tamoxifen. i so know how you feel jo. if you need a shoulder drop me a dm. we can talk it  out anytime you want \xf0\x9f\x92\x9c\xf0\x9f\x92\x97\xf0\x9f\x8e\x97\xef\xb8\x8f\xf0\x9f\x8e\x97\xef\xb8\x8f\xf0\x9f\x8e\x97\xef\xb8\x8f\xf0\x9f\x8e\x97\xef\xb8\x8f\xf0\x9f\x8e\x97\xef\xb8\x8f\xf0\x9f\x8e\x97\xef\xb8\x8f\xf0\x9f\x8e\x97\xef\xb8\x8f\xf0\x9f\x8e\x97\xef\xb8\x8f\xf0\x9f\x8e\x97\xef\xb8\x8f\xf0\x9f\x8e\x97\xef\xb8\x8f""",tamoxifen
218,b'@bethvaughan15 @10downingstreet @borisjohnson @who i had chemotherapy on wednesday for breast cancer and my tweet was written in terror - not for any political reason.',chemotherapy
219,b'@shushitssusan @folkypunkcas radiotherapy for breast cancer is much easier than chemo and your immune system is not as affected. i had my 8th radio today and was told that my bloods are good- immune system recovering well after chemo. i wish i could say the same about my eyebrows.',chemotherapy
220,b'@shushitssusan @folkypunkcas radiotherapy for breast cancer is much easier than chemo and your immune system is not as affected. i had my 8th radio today and was told that my bloods are good- immune system recovering well after chemo. i wish i could say the same about my eyebrows.',chemotherapy
221,b'@shushitssusan @folkypunkcas radiotherapy for breast cancer is much easier than chemo and your immune system is not as affected. i had my 8th radio today and was told that my bloods are good- immune system recovering well after chemo. i wish i could say the same about my eyebrows.',chemotherapy
222,b'@jamiedeeds10 @10downingstreet @borisjohnson @who it is actually yours... i had chemotherapy for breast cancer on wednesday and posted my tweet in terror. not for any political gain. #bekind',chemotherapy
223,"b'@vicderbyshire @alexlgatenby i got through chemo, 4 surgeries and radiotherapy for breast cancer just fine. then i had trouble sleeping because of my menopause symptoms (induced menopause because i have secondary in my bones). i asked for a sleeping aid. they gave me antidepressants...(1/2)'",chemotherapy
224,"b'@vicderbyshire @alexlgatenby i got through chemo, 4 surgeries and radiotherapy for breast cancer just fine. then i had trouble sleeping because of my menopause symptoms (induced menopause because i have secondary in my bones). i asked for a sleeping aid. they gave me antidepressants...(1/2)'",chemotherapy
225,"b'@just_dave__ @piersmorgan well if you want score points... after having half my breast removed with breast cancer last august then chemo for six months &amp; then radiotherapy for three and half weeks everyday ,,, !! your comments and opinions really mean nothing to me. go away,,!'",chemotherapy
226,"b'@just_dave__ @piersmorgan well if you want score points... after having half my breast removed with breast cancer last august then chemo for six months &amp; then radiotherapy for three and half weeks everyday ,,, !! your comments and opinions really mean nothing to me. go away,,!'",chemotherapy
227,Friday is my last chemotherapy treatment for breast cancer at Dana Farber in Boston. Kinda bittersweet. Gotta Believe  @Edelman11 @Patriots @RedSox @Ballen3730 @GilletteStadium,chemotherapy
228,She is a warrior! I’ll keep you guys in my thoughts. Sending mucho love & hugs. I was diagnosed with breast cancer in 2014. I haven’t had 2 do chemo but I take cancer meds that wipe me out a bit. I love doing 5ks but haven’t been able 2 do any but I’m training for one in 3 weeks.,chemotherapy
229,"I just finished chemo for breast cancer and am starting to get my hair back. You will do great. Give them hell!  Sending you love, support and a follow.",chemotherapy
230,I beat breast cancer ... chemo and radiation.. I’m there with you  in spirit ,chemotherapy
231,I’m a breast cancer survivor who endured chemo and radiation. How can I help your wife?,chemotherapy
232,I’d rather my FB feed not have so many #worldcancerday2019 posts. This time last year I was just about to start radiotherapy for breast cancer. It’s hard for me to even think or come to terms with what happened. I’m not sure I’ll ever know how to deal with all that.,chemotherapy
233,I’ve had breast cancer with no health insurance. I know exactly how much chemo costs. Very recently Pelosi said this: “Medicare for All is not as good a benefit as the Affordable Care Act.”,chemotherapy
234,"Yeah. I got diagnosed with breast cancer 2ish weeks ago. Feels like forever. Chemo, surgery, maybe radiation depending. Stage 1, so we found it early, but still, booooooo cancer.",chemotherapy
235,@marinjos @BostonJerry Me too breast cancer survivor from 2012 but who knows what chemo &amp; radiation did to me long term. I’m concerned.,chemotherapy
236,"b'I'm an advocate of high dose VIT C by IV, having chosen this as an adjunct to treat breast cancer instead of chemo in 2006. The fact that it is being used to treat #COVID\xe3\x83\xbc19 is of no surprise to me and I hope that this information spreads far and wide. #boostyourimmunity #vitc'",chemotherapy
237,#askSkyNews I’ve had breast cancer twice over the past st five years - Chemo finished 5 months ago. Does this make me more vulnerable?,chemotherapy
238,b'It's so frustrating!! Understand the situation but we need financially help like the employed. We all have work but we can't work!Plus having had breast cancer and chemo last year I am on lock down so a double blow!We will unite and we will fight together \xf0\x9f\x92\x96',chemotherapy
239,Really sorry to hear your news. Sending healing . Being a breast cancer survivor myself I know from personal experience how horrible chemo is.,chemotherapy
240,"My fifth time being diagnosed with metastic breast cancer since 2004, now in my liver. Started Chemo all over again, ugh! Keep the faith ",chemotherapy
241,"Very true.  My husband left me last year, after 12 years, when I got breast cancer and started losing my hair from chemo.  Did me a favor..",chemotherapy
242,This is so unacceptable. I had breast cancer and chemo likely ruined my fertility/the drugs I take to prevent a recurrence are dangerous to a fetus. By the time I stop taking them I may be too old.,chemotherapy
243,Unfortunately I’m in a clinical trial Jill. The #chemo pill/Immunotherapy/Taxol are what trial uses. These drugs do their part to kill the #cancer in their ways & 3 together gives someone w/triple negative metastatic breast cancer possibly best chance. This is my only option. ,monotherapy
244,Unfortunately I’m in a clinical trial Jill. The #chemo pill/Immunotherapy/Taxol are what trial uses. These drugs do their part to kill the #cancer in their ways & 3 together gives someone w/triple negative metastatic breast cancer possibly best chance. This is my only option. ,taxol
245,Does she have hormone sensitive breast or uterine cancer?  That’s the chemo that the folks with the aggressive version of my cancer took.,chemotherapy
246,I’m a breast cancer survivor myself. Was diagnosed Oct 2015 and knocked out chemo surgery and radiation in a 9 month span. It’s never easy but your life is worth the fight.  DM me for any kind of support. I’m keeping you in my prayers ,chemotherapy
247,@FSUFootball is there anyway i can get 3 tickets for the Clemson and Florida State game in Columbia. Im currently battling breast cancer and if i can some way bring some excitement to my family life besides my chemo visit that would be a blessing,chemotherapy
248,Thanks! I am a breast cancer survivor and have so many questions about supplements now that I am on Tamoxifen and anti depressants.,tamoxifen
249,"I was diagnosed w/Stg 2 breast in 2015. I’m an oncology nurse. The standard treatment was chemo. When speaking of prognosis should my cancer recur, my oncologist (seemingly) couldn’t bring himself to tell my wife and I that I’d be terminal.",chemotherapy
250,I have the best news EVER! I just left my oncologist office and he told me I am officially cancer free! I also don't have to do my last chemo.  I still have a lot to go through with this surgery but the worst is over. I'm now a two time Breast Cancer survivor!  #breastcancer,chemotherapy
251,Looking for an organization that helps people (like me) I have breast cancer and choose no chemo radiation or surgery who can help me purchase vitamins and clean food. I live in Edmonton Alberta Canada,chemotherapy
252,"I have had breast cancer since my 40s.  Two primaries.  I am 67.  Never took chemo, radiation nor hormone drugs.  I have had 3 surgeries.  I read constantly about cancer and drugs to “cure”.  There is no actual care.  It is a chronic disease.  More...",chemotherapy
253,I am a survivor of breast breast cancer and today was my last for chemo.  I love what your doing. We have to all get this red wave going and remove the dems out of office.,chemotherapy
254,I’ve just been diagnosed with breast cancer so it’d be a very good time to release the cures. I just Pray that God will lead me on the right path when it comes to determining which path I’ll take on knocking this out. I don’t believe chemo is the way to go.,chemotherapy
255,"This is James Roberts who helped me through stormy times back in 2016, when I was figuring out how to save my hair, after my breast cancer diagnosis. Together we created “Trixie” & James promised me, that when the ravages of chemotherapy and radiotherapy were he would fix me  pic.twitter.com/HFvI49hBcJ",chemotherapy
256,"This is James Roberts who helped me through stormy times back in 2016, when I was figuring out how to save my hair, after my breast cancer diagnosis. Together we created “Trixie” & James promised me, that when the ravages of chemotherapy and radiotherapy were he would fix me  pic.twitter.com/HFvI49hBcJ",chemotherapy
257,I had breast cancer 3 whole years ago and my immune system STILL trash from chemo. I get sick like once a month and be laid up with the illest fever smhhh. Finna return my body to sender,chemotherapy
258,"@antmiddleton Hi Ant. When I was diagnosed with breast cancer in March, you tweeted me to stay positive and keep the faith. Well I'm about to finish current treatment after surgery, chemo and radiotherapy! So THANK YOU!
#Inspiring #fearbubble #focus ",chemotherapy
259,"@antmiddleton Hi Ant. When I was diagnosed with breast cancer in March, you tweeted me to stay positive and keep the faith. Well I'm about to finish current treatment after surgery, chemo and radiotherapy! So THANK YOU!
#Inspiring #fearbubble #focus ",chemotherapy
260,Here’s something to make you smile....had my last chemo today for breast cancer stage 3 and decided to bedazzle my bald head to celebrate! This too shall pass. You are not alone. Xx pic.twitter.com/SmKugXnmW6,chemotherapy
261,"While I was in the chemotherapy waiting area, a man commented, ""You look too good too be here."" Oh, ok. Let me just tell my Stage 4 breast cancer that, and I'll be all better!
#AbledsAreWeird",chemotherapy
262,"I have breast cancer and was allergic to chemo (Taxol) that left me with permanent nerve damage...when the doctors knew I was allergic after the first round, they gave me another round before the stoner nurse remembered that I needed an alternative...",chemotherapy
263,"I have breast cancer and was allergic to chemo (Taxol) that left me with permanent nerve damage...when the doctors knew I was allergic after the first round, they gave me another round before the stoner nurse remembered that I needed an alternative...",taxol
264,"Hope everything goes well for you tomorrow GG, and that you heal quickly and well!!
I just started my breast cancer chemo last month and my tumor went from 10cm to 2cm, my doctor was amazed!!
#fuckcancer #resist",chemotherapy
265,@bigbangtheory was my chemo buddy as I was undergoing breast cancer treatments a few years ago. I’ve seen all episodes numerous times. Thank you for all the happiness and comfort you brought me. Will continue watching reruns for as long as they air. Much love ,chemotherapy
266,"Amber, I’m so sorry about your mentions but I had breast cancer with no health insurance, my dr wanted a cashiers check. I didn’t have chemo because of the cost and 1.5 yrs later my husband committed suicide. People are hurting. Join us to defeat Donald Trump.",chemotherapy
267,@aliciakeysmedia I'm sorry to bother you but I think someone used your name a photographer from facebook to contact me about my breast cancer I've been so sick with chemo it took me a couple of days to realize it wasn't you like a dummy I told them about my cancer .what to do,chemotherapy
268,"As a recent breast cancer survivor, I’m saving a seat for you on the survivor side. I had Chemo, radiation, surgery. Not pretty but I made it and you can too!!! God bless you.",chemotherapy
269,"When I had breast cancer they took me off birth control + prescribed tamoxifen & said I might stop having periods, menopause-like. I asked if I could still get pregnant and they DIDN'T KNOW. Yes, you can still get pregnant on tamoxifen and every cancer provider should know this.",tamoxifen
270,"When I had breast cancer they took me off birth control + prescribed tamoxifen & said I might stop having periods, menopause-like. I asked if I could still get pregnant and they DIDN'T KNOW. Yes, you can still get pregnant on tamoxifen and every cancer provider should know this.",tamoxifen
271,"Found out recently have breast cancer starting chemo this month. Starting the fight for my life, appreciate the small things all.",chemotherapy
272,"I had lung cancer 15 years ago. Had Chemo and then surgery to remove a lobe of my lung. I’ve been here long enough to get breast cancer. Surgery and radiation took care of that 6 years ago. 
I was lucky.  No one said advanced to me. Don’t like him, but wish him well.",chemotherapy
273,Steve I pray something inspired me one day going through chemotherapy and radiation therapy for breast cancer and my 16 year old son drown and didn't have no life insurance and I am disable and single mom so my heart is so broken I ask God to please help me,chemotherapy
274,"After my cancer was missed for 3 months so that it wasn't diagnosed till I was already pregnant...

I wasn't able to breast feed on account of the chemo.

Wanna know how judgy people STILL were???

There was the ""sad, it could've helped you lose weight.""",chemotherapy
275,I never realized how many advertisements there are four cancer care hospital treatment and attorneys until I became an accident victim I was hit by a truck three times in my car rolled twice. I had breast cancer and chemotherapy radiation and all the time reminded by as on TV !,chemotherapy
276,@SherryPollex - Martin did it!!! Woo Hoo. I know it did it for you but in I feel like he did it for me too. I was diagnosed with breast cancer in April. I have two more chemo treatments to go!!!,chemotherapy
277,"Just started fighting back against my breast cancer today with chemo, so I need lots of Alfie pics!",chemotherapy
278,"b""@thesaltiestcow on chemotherapy/more recently immunotherapy for 3 years now for stage4 metastatic breast cancer on my own but am still ticking over. most important: try to do things that you love most (for me it is my favourite foods)\xf0\x9f\xa7\x81 &amp; ring @macmillancancer whenever friends aren't enough.. \xf0\x9f\x92\x96""",chemotherapy
279,"b""@thesaltiestcow on chemotherapy/more recently immunotherapy for 3 years now for stage4 metastatic breast cancer on my own but am still ticking over. most important: try to do things that you love most (for me it is my favourite foods)\xf0\x9f\xa7\x81 &amp; ring @macmillancancer whenever friends aren't enough.. \xf0\x9f\x92\x96""",monotherapy
280,"b'@dhimyb71 @buddha1556 @alicia_smith19 i too am immunocompromised, as a breast cancer survivor who has had chemotherapy and lymph nodes removed.\nplus, i am 76 now, and even though i have no pre-morbidity issues like heart or lung problems, i am taking precautions.'",chemotherapy
281,"b""3 years ago today i was diagnosed with triple negative grade 3 #breastcancer, six months of chemo, genetic tests confirmed also brca2 positive. i've lost everything but my pride, until today that is...monday 2nd march, streetzine, aka my baby is for sale to fund #lynparza. \xf0\x9f\x99\x8frt\xe2\x9d\xa4\xef\xb8\x8f""",chemotherapy
282,@slave_john16 make me a powerpoint in dealing with body image after breast cancer chemo,chemotherapy
283,@jeopardy what an inspiration you are. i am going thru chemo for breast cancer and your positivity is what we all need. thank you for this.,chemotherapy
284,"b'@samanthamalin at the hospital today for a routine scan, i was chatting to a lovely nurse who'd treated me during 2017 for chemo and herceptin. she said that she had recently noticed a lot more younger women coming through the chemo ward with breast cancer \xf0\x9f\x98\xa2'",chemotherapy
285,"b'@samanthamalin at the hospital today for a routine scan, i was chatting to a lovely nurse who'd treated me during 2017 for chemo and herceptin. she said that she had recently noticed a lot more younger women coming through the chemo ward with breast cancer \xf0\x9f\x98\xa2'",herceptin
286,"b'@samanthamalin at the hospital today for a routine scan, i was chatting to a lovely nurse who'd treated me during 2017 for chemo and herceptin. she said that she had recently noticed a lot more younger women coming through the chemo ward with breast cancer \xf0\x9f\x98\xa2'",chemotherapy
287,"b'@gma @dohertyshannen i am so sorry for your suffering! i am a breast cancer survivor too! after the surgeries and radiation, the medication tamoxifen gave me too much of side affects which i couldn't bear! thank god i found nutrametrix naturopathic treatment which saved me! i am cancer free now'",tamoxifen
288,"b""#iamasurvivor and i will push for progress by sharing my story. #worldcancerday \n\n24 years ago dx breast cancer: lumpectomy, chemo, rads.  no internet, no ysc, no herceptin\n\n2007 mbc! bones, lungs, brain. past 12+ yrs on tx ev 3 weeks. \n\nbest advice: don't write the ending.""",chemotherapy
289,"b""#iamasurvivor and i will push for progress by sharing my story. #worldcancerday \n\n24 years ago dx breast cancer: lumpectomy, chemo, rads.  no internet, no ysc, no herceptin\n\n2007 mbc! bones, lungs, brain. past 12+ yrs on tx ev 3 weeks. \n\nbest advice: don't write the ending.""",herceptin
